PRAGMA foreign_keys=OFF;
BEGIN TRANSACTION;
CREATE TABLE IF NOT EXISTS "django_migrations" ("id" integer NOT NULL PRIMARY KEY AUTOINCREMENT, "app" varchar(255) NOT NULL, "name" varchar(255) NOT NULL, "applied" datetime NOT NULL);
INSERT INTO django_migrations VALUES(1,'contenttypes','0001_initial','2025-03-03 10:55:20.111306');
INSERT INTO django_migrations VALUES(2,'auth','0001_initial','2025-03-03 10:55:20.159514');
INSERT INTO django_migrations VALUES(3,'admin','0001_initial','2025-03-03 10:55:20.185559');
INSERT INTO django_migrations VALUES(4,'admin','0002_logentry_remove_auto_add','2025-03-03 10:55:20.214734');
INSERT INTO django_migrations VALUES(5,'admin','0003_logentry_add_action_flag_choices','2025-03-03 10:55:20.296771');
INSERT INTO django_migrations VALUES(6,'contenttypes','0002_remove_content_type_name','2025-03-03 10:55:20.371426');
INSERT INTO django_migrations VALUES(7,'auth','0002_alter_permission_name_max_length','2025-03-03 10:55:20.414945');
INSERT INTO django_migrations VALUES(8,'auth','0003_alter_user_email_max_length','2025-03-03 10:55:20.459373');
INSERT INTO django_migrations VALUES(9,'auth','0004_alter_user_username_opts','2025-03-03 10:55:20.491026');
INSERT INTO django_migrations VALUES(10,'auth','0005_alter_user_last_login_null','2025-03-03 10:55:20.532763');
INSERT INTO django_migrations VALUES(11,'auth','0006_require_contenttypes_0002','2025-03-03 10:55:20.540965');
INSERT INTO django_migrations VALUES(12,'auth','0007_alter_validators_add_error_messages','2025-03-03 10:55:20.569568');
INSERT INTO django_migrations VALUES(13,'auth','0008_alter_user_username_max_length','2025-03-03 10:55:20.609262');
INSERT INTO django_migrations VALUES(14,'auth','0009_alter_user_last_name_max_length','2025-03-03 10:55:20.647346');
INSERT INTO django_migrations VALUES(15,'auth','0010_alter_group_name_max_length','2025-03-03 10:55:20.688755');
INSERT INTO django_migrations VALUES(16,'auth','0011_update_proxy_permissions','2025-03-03 10:55:20.715727');
INSERT INTO django_migrations VALUES(17,'auth','0012_alter_user_first_name_max_length','2025-03-03 10:55:20.749268');
INSERT INTO django_migrations VALUES(18,'news_app','0001_initial','2025-03-03 10:55:20.774749');
INSERT INTO django_migrations VALUES(19,'sessions','0001_initial','2025-03-03 10:55:20.793449');
INSERT INTO django_migrations VALUES(20,'news_app','0002_contactmodel_alter_category_options_and_more','2025-03-09 09:15:14.001233');
INSERT INTO django_migrations VALUES(21,'news_app','0003_alter_category_options_alter_contactmodel_options_and_more','2025-03-09 11:22:37.473442');
INSERT INTO django_migrations VALUES(22,'news_app','0004_alter_news_slug','2025-03-20 13:04:37.581498');
INSERT INTO django_migrations VALUES(23,'news_app','0005_news_views','2025-03-21 02:01:40.389038');
INSERT INTO django_migrations VALUES(24,'users','0001_initial','2025-03-23 01:47:03.206513');
INSERT INTO django_migrations VALUES(25,'users','0002_remove_comment_like_like','2025-03-23 03:08:53.608197');
CREATE TABLE IF NOT EXISTS "auth_group_permissions" ("id" integer NOT NULL PRIMARY KEY AUTOINCREMENT, "group_id" integer NOT NULL REFERENCES "auth_group" ("id") DEFERRABLE INITIALLY DEFERRED, "permission_id" integer NOT NULL REFERENCES "auth_permission" ("id") DEFERRABLE INITIALLY DEFERRED);
CREATE TABLE IF NOT EXISTS "auth_user_groups" ("id" integer NOT NULL PRIMARY KEY AUTOINCREMENT, "user_id" integer NOT NULL REFERENCES "auth_user" ("id") DEFERRABLE INITIALLY DEFERRED, "group_id" integer NOT NULL REFERENCES "auth_group" ("id") DEFERRABLE INITIALLY DEFERRED);
CREATE TABLE IF NOT EXISTS "auth_user_user_permissions" ("id" integer NOT NULL PRIMARY KEY AUTOINCREMENT, "user_id" integer NOT NULL REFERENCES "auth_user" ("id") DEFERRABLE INITIALLY DEFERRED, "permission_id" integer NOT NULL REFERENCES "auth_permission" ("id") DEFERRABLE INITIALLY DEFERRED);
CREATE TABLE IF NOT EXISTS "django_admin_log" ("id" integer NOT NULL PRIMARY KEY AUTOINCREMENT, "object_id" text NULL, "object_repr" varchar(200) NOT NULL, "action_flag" smallint unsigned NOT NULL CHECK ("action_flag" >= 0), "change_message" text NOT NULL, "content_type_id" integer NULL REFERENCES "django_content_type" ("id") DEFERRABLE INITIALLY DEFERRED, "user_id" integer NOT NULL REFERENCES "auth_user" ("id") DEFERRABLE INITIALLY DEFERRED, "action_time" datetime NOT NULL);
INSERT INTO django_admin_log VALUES(7,'2','Oq uyda janjal',1,'[{"added": {}}]',8,2,'2025-03-08 06:03:48.906828');
INSERT INTO django_admin_log VALUES(8,'3','Trump saylandi',1,'[{"added": {}}]',8,2,'2025-03-08 06:44:02.055873');
INSERT INTO django_admin_log VALUES(9,'6','tabiat',1,'[{"added": {}}]',7,2,'2025-03-08 06:54:10.957868');
INSERT INTO django_admin_log VALUES(10,'4','Chumchuq oldi',2,'[{"changed": {"fields": ["Image", "Status"]}}]',8,2,'2025-03-08 09:25:38.446822');
INSERT INTO django_admin_log VALUES(11,'1','Sport soglik garovi',2,'[{"changed": {"fields": ["Status"]}}]',8,2,'2025-03-08 09:25:47.113862');
INSERT INTO django_admin_log VALUES(12,'2','Oq uyda janjal',2,'[{"changed": {"fields": ["Status"]}}]',8,2,'2025-03-08 09:47:07.062878');
INSERT INTO django_admin_log VALUES(13,'2','Oq uyda janjal',2,'[{"changed": {"fields": ["Status"]}}]',8,2,'2025-03-08 13:14:16.726653');
INSERT INTO django_admin_log VALUES(14,'8','Qushlar',3,'',7,2,'2025-03-09 11:23:35.349953');
INSERT INTO django_admin_log VALUES(15,'7','hayvonot',3,'',7,2,'2025-03-09 11:23:35.350111');
INSERT INTO django_admin_log VALUES(16,'6','tabiat',3,'',7,2,'2025-03-09 11:23:35.350237');
INSERT INTO django_admin_log VALUES(17,'5','Sport',3,'',7,2,'2025-03-09 11:23:35.350308');
INSERT INTO django_admin_log VALUES(18,'4','Jaxon',3,'',7,2,'2025-03-09 11:23:35.350370');
INSERT INTO django_admin_log VALUES(19,'3','Tarix',3,'',7,2,'2025-03-09 11:23:35.350428');
INSERT INTO django_admin_log VALUES(20,'2','Siyosat',3,'',7,2,'2025-03-09 11:23:35.350481');
INSERT INTO django_admin_log VALUES(21,'1','Iqtisodiyot',3,'',7,2,'2025-03-09 11:23:35.350533');
INSERT INTO django_admin_log VALUES(22,'1','hnb',3,'',4,2,'2025-03-09 11:24:22.177340');
INSERT INTO django_admin_log VALUES(23,'9','Mahalliy',1,'[{"added": {}}]',7,2,'2025-03-09 11:25:33.001447');
INSERT INTO django_admin_log VALUES(24,'10','Xorij',1,'[{"added": {}}]',7,2,'2025-03-09 11:25:40.987121');
INSERT INTO django_admin_log VALUES(25,'11','Texnologiya',1,'[{"added": {}}]',7,2,'2025-03-09 11:25:48.636932');
INSERT INTO django_admin_log VALUES(26,'12','Sport',1,'[{"added": {}}]',7,2,'2025-03-09 11:25:54.768650');
INSERT INTO django_admin_log VALUES(27,'5','Nodirbek Yoqubboyev – «Prague Chess Festival Challengers» g‘olibi',1,'[{"added": {}}]',8,2,'2025-03-09 11:31:48.925296');
INSERT INTO django_admin_log VALUES(28,'6','Abduqodir Husanov «Manchester Siti»ning eng yaxshi o‘yinchisi deb topildi',1,'[{"added": {}}]',8,2,'2025-03-09 11:33:43.105365');
INSERT INTO django_admin_log VALUES(29,'7','Suriyaning Islom hamkorlik tashkilotiga a’zoligi tiklandi',1,'[{"added": {}}]',8,2,'2025-03-09 11:36:30.721595');
INSERT INTO django_admin_log VALUES(30,'8','Xitoy 2050-yilda «sun’iy quyosh»dan energiya olmoqchi',1,'[{"added": {}}]',8,2,'2025-03-09 11:37:46.653106');
INSERT INTO django_admin_log VALUES(31,'9','Xitoyda dunyodagi eng kuchli kompyuter yaratildi',1,'[{"added": {}}]',8,2,'2025-03-09 11:41:04.568334');
INSERT INTO django_admin_log VALUES(32,'10','Fitna nazariyasi. Mark Sukerberg yong‘inlarni uyushtirishda ayblanmoqda',1,'[{"added": {}}]',8,2,'2025-03-09 11:43:08.774924');
INSERT INTO django_admin_log VALUES(33,'11','O‘zbekiston va Turkmaniston o‘rtasida erkin savdo rejimi joriy etildi',1,'[{"added": {}}]',8,2,'2025-03-09 11:46:15.390408');
INSERT INTO django_admin_log VALUES(34,'12','Sustkashlikka yo‘l qo‘ygan 30 rahbarga chora ko‘rildi',1,'[{"added": {}}]',8,2,'2025-03-09 11:47:45.584390');
INSERT INTO django_admin_log VALUES(35,'13','Jamiyat',1,'[{"added": {}}]',7,2,'2025-03-09 14:40:02.465082');
INSERT INTO django_admin_log VALUES(36,'13','“Bir qo‘lda ishlashimni ko‘rib hayron qolishadi” – Toshkentni ko‘rmagan oqbo‘yralik dehqon ona hikoyasi',1,'[{"added": {}}]',8,2,'2025-03-09 14:43:50.041328');
INSERT INTO django_admin_log VALUES(37,'14','Foto: Falastin bayrog‘ini ko‘targan aktivist Big-Benga chiqib oldi',1,'[{"added": {}}]',8,2,'2025-03-09 14:48:21.420314');
INSERT INTO django_admin_log VALUES(38,'15','"Crazy Ilon", Yil boshidan beri Ilon Maskning boyligi 100 mlrd dollarga kamaydi',1,'[{"added": {}}]',8,2,'2025-03-09 17:56:18.128803');
INSERT INTO django_admin_log VALUES(39,'16','Isroil G‘azo bo‘yicha muzokaralarni davom ettirish uchun Dohaga delegatsiya yuboradi',1,'[{"added": {}}]',8,2,'2025-03-09 17:59:00.624223');
INSERT INTO django_admin_log VALUES(40,'17','Rossiyada og‘ir tan jarohati olgan erkak O‘zbekistonga qaytarildi',1,'[{"added": {}}]',8,2,'2025-03-09 18:01:17.609826');
INSERT INTO django_admin_log VALUES(41,'18','Toshkentda 4 ta avtomobil o‘zaro to‘qnashdi',1,'[{"added": {}}]',8,2,'2025-03-09 18:03:11.039165');
INSERT INTO django_admin_log VALUES(42,'19','Toshkent viloyatidagi bog‘cha xodimi bolalarni gimnastika tayoqchasi bilan urdi',1,'[{"added": {}}]',8,2,'2025-03-09 18:06:42.748847');
INSERT INTO django_admin_log VALUES(43,'20','«Siti» muhim o‘yinda yutqazdi, «Barselona»da fojia. Kun o‘yinlari',1,'[{"added": {}}]',8,2,'2025-03-09 18:08:25.380705');
INSERT INTO django_admin_log VALUES(44,'21','Gvardiola: «Husanov sotib olinganidan juda ham minnatdorman»',1,'[{"added": {}}]',8,2,'2025-03-09 18:10:25.192443');
INSERT INTO django_admin_log VALUES(45,'22','O‘zbekiston, Tojikiston va Qirg‘iziston 2031 yilgi Osiyo kubogini birgalikda o‘tkazmoqchi',1,'[{"added": {}}]',8,2,'2025-03-09 18:12:00.223306');
INSERT INTO django_admin_log VALUES(46,'23','Rossiyaning «Atom» elektromobili O‘zbekistonda ishlab chiqarilishi mumkin',1,'[{"added": {}}]',8,2,'2025-03-09 18:13:27.109044');
INSERT INTO django_admin_log VALUES(47,'24','Xitoy humanoid roboti kung-fu ustasiga aylanmoqda',1,'[{"added": {}}]',8,2,'2025-03-09 18:15:07.904448');
INSERT INTO django_admin_log VALUES(48,'25','Samsung uchga buklanadigan smartfonni yozda chiqaradi',1,'[{"added": {}}]',8,2,'2025-03-09 18:17:07.748454');
INSERT INTO django_admin_log VALUES(49,'26','Bahodir Qurbonov O‘zbekiston futbol assotsiatsiyasi prezidenti etib saylandi',1,'[{"added": {}}]',8,2,'2025-03-09 18:21:24.768450');
INSERT INTO django_admin_log VALUES(50,'27','AQSh sudi Xitoydan Covid-19 tarqalgani uchun 24 milliard dollar talab qildi',1,'[{"added": {}}]',8,2,'2025-03-09 18:23:00.385073');
INSERT INTO django_admin_log VALUES(51,'28','Ultratovush yordamida inson kayfiyatini ko‘taradigan chip yaratildi',1,'[{"added": {}}]',8,2,'2025-03-09 18:24:50.108950');
INSERT INTO django_admin_log VALUES(52,'29','Sirdaryoda uch egizak tug‘ildi',1,'[{"added": {}}]',8,2,'2025-03-09 18:27:48.454637');
INSERT INTO django_admin_log VALUES(53,'6','Boltayev@gmail.com',3,'',9,3,'2025-03-20 11:29:03.750423');
INSERT INTO django_admin_log VALUES(54,'5','Botiriy@gmail.com',3,'',9,3,'2025-03-20 11:29:03.750494');
INSERT INTO django_admin_log VALUES(55,'4','Boltayev@gmail.com',3,'',9,3,'2025-03-20 11:29:03.750537');
INSERT INTO django_admin_log VALUES(56,'3','Sharipov@gmail.com',3,'',9,3,'2025-03-20 11:29:03.750575');
INSERT INTO django_admin_log VALUES(57,'2','Sharipov@gmail.com',3,'',9,3,'2025-03-20 11:29:03.750613');
INSERT INTO django_admin_log VALUES(58,'1','defender@gmail.com',3,'',9,3,'2025-03-20 11:29:03.750649');
INSERT INTO django_admin_log VALUES(59,'8','ab',3,'',4,3,'2025-03-22 17:06:28.783814');
INSERT INTO django_admin_log VALUES(60,'5','abuholid',3,'',4,3,'2025-03-22 17:06:28.783862');
INSERT INTO django_admin_log VALUES(61,'6','abuholid1',3,'',4,3,'2025-03-22 17:06:28.783888');
INSERT INTO django_admin_log VALUES(62,'7','kiki',3,'',4,3,'2025-03-22 17:06:28.783909');
INSERT INTO django_admin_log VALUES(63,'4','zubair1',3,'',4,3,'2025-03-22 17:06:28.783927');
INSERT INTO django_admin_log VALUES(64,'1','Bechora Ilon Mask',1,'[{"added": {}}]',10,3,'2025-03-23 01:49:25.646243');
CREATE TABLE IF NOT EXISTS "django_content_type" ("id" integer NOT NULL PRIMARY KEY AUTOINCREMENT, "app_label" varchar(100) NOT NULL, "model" varchar(100) NOT NULL);
INSERT INTO django_content_type VALUES(1,'admin','logentry');
INSERT INTO django_content_type VALUES(2,'auth','permission');
INSERT INTO django_content_type VALUES(3,'auth','group');
INSERT INTO django_content_type VALUES(4,'auth','user');
INSERT INTO django_content_type VALUES(5,'contenttypes','contenttype');
INSERT INTO django_content_type VALUES(6,'sessions','session');
INSERT INTO django_content_type VALUES(7,'news_app','category');
INSERT INTO django_content_type VALUES(8,'news_app','news');
INSERT INTO django_content_type VALUES(9,'news_app','contactmodel');
INSERT INTO django_content_type VALUES(10,'users','comment');
INSERT INTO django_content_type VALUES(11,'users','like');
CREATE TABLE IF NOT EXISTS "auth_permission" ("id" integer NOT NULL PRIMARY KEY AUTOINCREMENT, "content_type_id" integer NOT NULL REFERENCES "django_content_type" ("id") DEFERRABLE INITIALLY DEFERRED, "codename" varchar(100) NOT NULL, "name" varchar(255) NOT NULL);
INSERT INTO auth_permission VALUES(1,1,'add_logentry','Can add log entry');
INSERT INTO auth_permission VALUES(2,1,'change_logentry','Can change log entry');
INSERT INTO auth_permission VALUES(3,1,'delete_logentry','Can delete log entry');
INSERT INTO auth_permission VALUES(4,1,'view_logentry','Can view log entry');
INSERT INTO auth_permission VALUES(5,2,'add_permission','Can add permission');
INSERT INTO auth_permission VALUES(6,2,'change_permission','Can change permission');
INSERT INTO auth_permission VALUES(7,2,'delete_permission','Can delete permission');
INSERT INTO auth_permission VALUES(8,2,'view_permission','Can view permission');
INSERT INTO auth_permission VALUES(9,3,'add_group','Can add group');
INSERT INTO auth_permission VALUES(10,3,'change_group','Can change group');
INSERT INTO auth_permission VALUES(11,3,'delete_group','Can delete group');
INSERT INTO auth_permission VALUES(12,3,'view_group','Can view group');
INSERT INTO auth_permission VALUES(13,4,'add_user','Can add user');
INSERT INTO auth_permission VALUES(14,4,'change_user','Can change user');
INSERT INTO auth_permission VALUES(15,4,'delete_user','Can delete user');
INSERT INTO auth_permission VALUES(16,4,'view_user','Can view user');
INSERT INTO auth_permission VALUES(17,5,'add_contenttype','Can add content type');
INSERT INTO auth_permission VALUES(18,5,'change_contenttype','Can change content type');
INSERT INTO auth_permission VALUES(19,5,'delete_contenttype','Can delete content type');
INSERT INTO auth_permission VALUES(20,5,'view_contenttype','Can view content type');
INSERT INTO auth_permission VALUES(21,6,'add_session','Can add session');
INSERT INTO auth_permission VALUES(22,6,'change_session','Can change session');
INSERT INTO auth_permission VALUES(23,6,'delete_session','Can delete session');
INSERT INTO auth_permission VALUES(24,6,'view_session','Can view session');
INSERT INTO auth_permission VALUES(25,7,'add_category','Can add category');
INSERT INTO auth_permission VALUES(26,7,'change_category','Can change category');
INSERT INTO auth_permission VALUES(27,7,'delete_category','Can delete category');
INSERT INTO auth_permission VALUES(28,7,'view_category','Can view category');
INSERT INTO auth_permission VALUES(29,8,'add_news','Can add news');
INSERT INTO auth_permission VALUES(30,8,'change_news','Can change news');
INSERT INTO auth_permission VALUES(31,8,'delete_news','Can delete news');
INSERT INTO auth_permission VALUES(32,8,'view_news','Can view news');
INSERT INTO auth_permission VALUES(33,9,'add_contactmodel','Can add contact model');
INSERT INTO auth_permission VALUES(34,9,'change_contactmodel','Can change contact model');
INSERT INTO auth_permission VALUES(35,9,'delete_contactmodel','Can delete contact model');
INSERT INTO auth_permission VALUES(36,9,'view_contactmodel','Can view contact model');
INSERT INTO auth_permission VALUES(37,10,'add_comment','Can add Comment');
INSERT INTO auth_permission VALUES(38,10,'change_comment','Can change Comment');
INSERT INTO auth_permission VALUES(39,10,'delete_comment','Can delete Comment');
INSERT INTO auth_permission VALUES(40,10,'view_comment','Can view Comment');
INSERT INTO auth_permission VALUES(41,11,'add_like','Can add like');
INSERT INTO auth_permission VALUES(42,11,'change_like','Can change like');
INSERT INTO auth_permission VALUES(43,11,'delete_like','Can delete like');
INSERT INTO auth_permission VALUES(44,11,'view_like','Can view like');
CREATE TABLE IF NOT EXISTS "auth_group" ("id" integer NOT NULL PRIMARY KEY AUTOINCREMENT, "name" varchar(150) NOT NULL UNIQUE);
CREATE TABLE IF NOT EXISTS "auth_user" ("id" integer NOT NULL PRIMARY KEY AUTOINCREMENT, "password" varchar(128) NOT NULL, "last_login" datetime NULL, "is_superuser" bool NOT NULL, "username" varchar(150) NOT NULL UNIQUE, "last_name" varchar(150) NOT NULL, "email" varchar(254) NOT NULL, "is_staff" bool NOT NULL, "is_active" bool NOT NULL, "date_joined" datetime NOT NULL, "first_name" varchar(150) NOT NULL);
INSERT INTO auth_user VALUES(2,'pbkdf2_sha256$870000$9i8yq6IGBVnOq5Vcf0ItpW$tFAdZ/PdyZQuli21LknsjuYgZPKzBgzDcEjbWK1JE10=','2025-03-08 05:58:20.557604',1,'humoyiddin','','',1,1,'2025-03-08 05:58:02.542431','');
INSERT INTO auth_user VALUES(3,'pbkdf2_sha256$870000$OfYNCbWh9CVAJN80gymcSz$DbNqbmf0XuV6UKOt0Uf8AAT89xExqhFc0ZlEFIr4LEA=','2025-03-24 10:57:50.422314',1,'zubair','','',1,1,'2025-03-17 18:34:10.729154','');
INSERT INTO auth_user VALUES(9,'pbkdf2_sha256$870000$bYAlqhIyRtvCnZon9Ctci7$KotAFOvoYYDiaJCgLQ2qAZQCFNIToBL/EV4FU3EjnDo=','2025-03-25 01:51:47.656110',0,'kiki','a','defendereviver71@gmail.com',0,1,'2025-03-22 17:13:27.807013','ab');
INSERT INTO auth_user VALUES(10,'pbkdf2_sha256$870000$20AbJIqKno2xXgGAV9k6xl$kPneowJZCskA+O2gsBHHcNONzIi/cC8MRE4pdoi5+jc=','2025-03-23 05:04:08.213871',0,'organuvchi','Nemataliyev','samandar@gmail.com',0,1,'2025-03-23 05:04:07.539352','Samandar');
CREATE TABLE IF NOT EXISTS "news_app_category" ("id" integer NOT NULL PRIMARY KEY AUTOINCREMENT, "name" varchar(150) NOT NULL);
INSERT INTO news_app_category VALUES(9,'Mahalliy');
INSERT INTO news_app_category VALUES(10,'Xorij');
INSERT INTO news_app_category VALUES(11,'Texnologiya');
INSERT INTO news_app_category VALUES(12,'Sport');
INSERT INTO news_app_category VALUES(13,'Jamiyat');
CREATE TABLE IF NOT EXISTS "django_session" ("session_key" varchar(40) NOT NULL PRIMARY KEY, "session_data" text NOT NULL, "expire_date" datetime NOT NULL);
INSERT INTO django_session VALUES('2n2id8ujomlpmwse87n72t1gs3ca8mll','.eJxVjDEOwjAMRe-SGUVpqOOEkZ0zVHZsaAElUtNOiLtDpQ6w_vfef5mB1mUc1qbzMIk5mc4cfjem_NCyAblTuVWba1nmie2m2J02e6miz_Pu_h2M1MZvjTl4zjG63pMCJB9RCBS0v1IvnNQF5qNn5xGxgygQMiVEjaJdds68P-LWN9o:1tpmHi:LxXRr5kbA6eHj-5yAhivrlPYn4HDPgae2zapq7avzb4','2025-03-19 10:47:30.990373');
INSERT INTO django_session VALUES('69phvkz3t67evbhswwusiolk9ehteh9s','.eJxVjDsOwjAQBe_iGlmOjX-U9JzB2vWucQA5UpxUiLuTSCmgfTPz3iLButS0dp7TSOIitDj9bgj5yW0H9IB2n2Se2jKPKHdFHrTL20T8uh7u30GFXrcaTVSWwMfgvWM2NioHjsDS2ZvoebAanVbMNmiXAUsoZmDeXCw5aCM-X9TeN-4:1tqnCW:P8IYeuPsREbX0FrRWZ0wQTlW1BOYZz-YTxQlWmLP-f8','2025-03-22 05:58:20.562634');
INSERT INTO django_session VALUES('g6d3wyzhuuv35l8a4lpuowxn3tjib1cn','.eJxVjEEOwiAQRe_C2pDCDJZx6b5nIDAMUjVtUtqV8e7apAvd_vfef6kQt7WGrckSxqwuitTpd0uRHzLtIN_jdJs1z9O6jEnvij5o08Oc5Xk93L-DGlv91oIlA4pBSjl1DBnR9ediC7E1xSfL3jlvhAUc9Aydd11PXAgImYHU-wPx7jfB:1twtSF:c0_xFUgZNk-hTpJPAfybV31egIHXoKnahWRamTDACaE','2025-04-08 01:51:47.662841');
CREATE TABLE IF NOT EXISTS "news_app_contactmodel" ("id" integer NOT NULL PRIMARY KEY AUTOINCREMENT, "name" varchar(150) NOT NULL, "email" varchar(150) NOT NULL, "message" text NOT NULL);
INSERT INTO news_app_contactmodel VALUES(7,'alivoy','G''aniyev@gmail.com','Nima gapla keyin');
INSERT INTO news_app_contactmodel VALUES(8,'sadfsdf','Boltayev@gmail.com','aldjhaksjefwieuf');
INSERT INTO news_app_contactmodel VALUES(9,'aliy','werwer@gmail.com','qalesila');
INSERT INTO news_app_contactmodel VALUES(10,'Humoyiddin','werwer@gmail.com','assalomu alaykum');
INSERT INTO news_app_contactmodel VALUES(11,'asldfasdf','defendereviver71@gmail.com','sfdasdfasdfksad;lfmasl;kdfsa;ldkfas;ldfkjas;');
INSERT INTO news_app_contactmodel VALUES(12,'aslkfmasl;kfdas''dklfj''sadf','Boltayev@gmail.com','kasjkdf asdjfsladj fhsdfj hsakdfjhkasdhfksdfh skdfsdfg');
CREATE TABLE IF NOT EXISTS "news_app_news" ("id" integer NOT NULL PRIMARY KEY AUTOINCREMENT, "title" varchar(250) NOT NULL, "slug" varchar(250) NOT NULL UNIQUE, "body" text NOT NULL, "image" varchar(100) NOT NULL, "publish_time" datetime NOT NULL, "created_time" datetime NOT NULL, "updated_time" datetime NOT NULL, "status" varchar(2) NOT NULL, "category_id" bigint NOT NULL REFERENCES "news_app_category" ("id") DEFERRABLE INITIALLY DEFERRED, "views" integer NOT NULL);
INSERT INTO news_app_news VALUES(5,'Nodirbek Yoqubboyev – «Prague Chess Festival Challengers» g‘olibi','nodirbek-yoqubboyev-prague-chess-festival-challengers-golibi',replace(replace('O‘zbekistonlik shaxmatchi Nodirbek Yoqubboyev «Prague International Chess Festival» xalqaro turnirida g‘alaba qozondi. Bu haqda O‘zbekiston shaxmat federatsiyasi xabar berdi.\r\n\r\nQayd etilishicha, Chexiya Respublikasining Praga shahrida shaxmat bo‘yicha bo‘lib o‘tgan (26 fevral — 7 mart) an’anaviy xalqaro turnirning «Chellengers» guruhida ishtirok etayotgan shaxmatchi Nodirbek Yoqubboyev raqibi Jonas Bjerre ustidan g‘alaba qozonib, chempionlikni qo‘lga kiritdi.\r\n\r\nU turnir davomida biror marta mag‘lubiyatga uchramagan holda 9 turdan 7 ochko to‘pladi.\r\n\r\nYoqubboyev g‘oliblik bilan birga keyingi yili Masters guruhida ishtirok etish imkoniyatini ham qo‘lga kiritdi.','\r',char(13)),'\n',char(10)),'news/images/nodirbek.jpg','2025-03-09 11:28:50','2025-03-09 11:31:48.924332','2025-03-24 19:07:11.395310','PB',12,62);
INSERT INTO news_app_news VALUES(6,'Abduqodir Husanov «Manchester Siti»ning eng yaxshi o‘yinchisi deb topildi','abduqodir-husanov-manchester-sitining-eng-yaxshi-oyinchisi-deb-topildi',replace(replace('Abduqodir Husanov – «Manchester Siti»ning fevral oyidagi eng yaxshi o‘yinchisi deb topildi. Bu haqda klub matbuot xizmati xabar berdi. \r\n\r\nO‘zbekistonlik himoyachi Manchester klubidagi ilk oyidayoq Holand va Gvardiolni ortda qoldirib, oyning eng yaxshi o‘yinchisiga aylandi.\r\n\r\nU nafaqat APL, Angliya kubogi va Yevropa chempionlar ligasida ham maydonga tushdi va bitta gol kiritdi.','\r',char(13)),'\n',char(10)),'news/images/husanov.jpg','2025-03-09 11:31:52','2025-03-09 11:33:43.100947','2025-03-23 01:47:23.634109','PB',12,4);
INSERT INTO news_app_news VALUES(7,'Suriyaning Islom hamkorlik tashkilotiga a’zoligi tiklandi','suriyaning-islom-hamkorlik-tashkilotiga-azoligi-tiklandi',replace(replace('Islom hamkorlik tashkiloti (IHT)ga a’zo mamlakatlar tashqi ishlar vazirlari Suriyaning tashkilotga qaytishini qo‘llab-quvvatlashdi.\r\n\r\n«Turkiya tashabbusi bilan Suriyaning IHTga a’zoligiga tiklanishi masalasi tashkilotning 7-mart kuni Jidda shahrida bo‘lib o‘tgan TIV rahbarlari ishtirokidagi favqulodda majlisi kun tartibiga kiritildi. Uchrashuvda rezolyusiya loyihasi qabul qilinib, Suriyaning IHTga a’zoligi tiklandi», — deb bayonot berdi Turkiya TIV.\r\n\r\nRezolyusiya qabul qilingach, Suriya tashqi ishlar vaziri tashkilot kengashidagi o‘ziga ajratilgan joyga kelib o‘tirishga taklif qilindi.\r\n\r\nBiroq Suriya tinchigan emas, kecha mamlakatning Latakiya, Tartus va Xums hududlarida muvaqqat hukumat xavfsizlik kuchlari va sobiq prezident Bashar Asad tarafdori bo‘lgan qurolli guruhlar o‘rtasida qonli to‘qnashuvlar yuz bergan.','\r',char(13)),'\n',char(10)),'news/images/islom.jpg','2025-03-09 11:33:48','2025-03-09 11:36:30.718857','2025-03-09 11:36:30.718905','PB',10,0);
INSERT INTO news_app_news VALUES(8,'Xitoy 2050-yilda «sun’iy quyosh»dan energiya olmoqchi','xitoy-2050-yilda-suniy-quyoshdan-energiya-olmoqchi',replace(replace('Xitoy 2050-yilda sof energiya beruvchi termoyadroviy sintez texnologiyasini ishga tushirmoqchi, deb xabar berdi Tiger Brokers nashri.\r\n\r\n«Sun’iy quyosh» deb atalayotgan bu qurilma qizigan plazmani ushlab turish va termoyadroviy reaksiyalarni qo‘llash uchun kuchli magnit maydonlaridan foydalanuvchi tokamak uskunasidan iborat. Xitoy milliy yadro korporatsiyasi (CNNC) 2023-yilda China Fusion Corp. kompaniyasini ta’sis etib, texnologiyani ishlab chiqish uchun 240 mln dollar investitsiya kiritgan.\r\n\r\nAyni paytga kelib sanoqli mamlakatlar, xususan, AQSh, Rossiya va Janubiy Koreya termoyadroviy sintezni o‘rganishda yutuqlarga erishgan. Xitoy ham bu soha yetakchilari qatoriga qo‘shilish uchun o‘z ilmiy-texnik salohiyatini rivojlantirishga zo‘r bermoqda.\r\n\r\nXitoy termoyadroviy sintez sohasidagi tadqiqotlardan tashqari, kichik quvvatli reaktorlar ishlab chiqarishni ko‘paytirib, an’anaviy atom stansiyalari parkini kengaytirishni ham rejalashtirgan.','\r',char(13)),'\n',char(10)),'news/images/quyosh.png','2025-03-09 11:36:35','2025-03-09 11:37:46.650613','2025-03-09 11:37:46.650659','PB',11,0);
INSERT INTO news_app_news VALUES(9,'Xitoyda dunyodagi eng kuchli kompyuter yaratildi','xitoyda-dunyodagi-eng-kuchli-kompyuter-yaratildi',replace(replace('Xitoyda dunyodagi eng kuchli kompyuter yaratilgani haqida IFLScience xabar berdi.\r\n\r\nKvant kompyuter prototipi — Zuchongzhi-3 kvant hisoblashlar sohasida yangi rekordlar o‘rnatishi kutilmoqda. Ishlanma mualliflariga ko‘ra, u odatiy superkompyuterlarga qaraganda ancha tez ishlaydi.\r\n\r\nZuchongzhi-3 kompyuteri 105 kubitdan iborat. U bir necha daqiqada bajaradigan kvant hisoblashlar uchun Frontier superkompyuteri salkam 6 mlrd yil sarflagan bo‘lardi, deyishmoqda xitoylik olimlar.\r\n\r\nNashr aniqlik kiritishicha, kvant hisoblashlar uchun test Random Circuit Sampling (RCS) deb ataladi. Bu sinov paytida protsessor tasodifiy kvant sxemalarni generatsiyalaydi va ularning natijalarini baholaydi.\r\n\r\nTa’kidlanishicha, Zuchongzhi-3 testlarida qayd etilgan natijalar rost bo‘lsa, u Frontier superkompyuteridan 2 million milliard marotaba, Sycamore (Google) superkompyuteridan 1 million marta ildamroqdir.','\r',char(13)),'\n',char(10)),'news/images/kvant.jpg','2025-03-09 11:38:28','2025-03-09 11:41:04.558363','2025-03-23 11:23:02.324811','PB',11,1);
INSERT INTO news_app_news VALUES(10,'Fitna nazariyasi. Mark Sukerberg yong‘inlarni uyushtirishda ayblanmoqda','fitna-nazariyasi-mark-sukerberg-yonginlarni-uyushtirishda-ayblanmoqda',replace(replace('AQShda Meta rahbari Mark Sukerbergni Mirtl-Bich (Janubiy Karolina shtati)dagi yong‘inlarda ayblash kampaniyasi avj oldi. Shtatda 175 dan ziyod yong‘in o‘choqlari paydo bo‘lgani, xavfli hududlar aholisi ko‘chirilgani haqida xabar bergandik.\r\n\r\nHukumat vakillari bayonotiga ko‘ra, hammayoq quruqligi va kuchli shamollar tufayli yong‘inlar juda keng tarqaldi va o‘t o‘chiruvchilar tilsiz yov qarshisida ojiz qolishdi. Shunga qaramasdan, ijtimoiy tarmoqlarda fitna nazariyasi ham tarqalmoqda, emishki, texnologiyalar sohasi katta shaxslarining yong‘inda qo‘li bor, ularning maqsadi — Mirtl-Bichni «aqlli shahar»ga aylantirish. Mish-mishlarning ko‘pi bevosita Sukerbergga borib taqalmoqda.\r\n\r\nSukerbergni fazoviy maqsadlar uchun mo‘ljallangan qandaydir lazer quroli yordamida yong‘inlar hosil qilishda ayblashmoqda.\r\n\r\nMish-mishlar ortidan turgan faollardan biri Jon Sabalning ta’kidlashicha, yo‘naltirilgan energiyali qurol qo‘llanilib katta yong‘inlar hosil qilingan. Uning bayonoti politsiyani ham qiziqtirib qo‘ydi, chunki yong‘inlar uyushtirilgani haqida taxminlar ham yo‘q emas edi.','\r',char(13)),'\n',char(10)),'news/images/mark.png','2025-03-09 11:41:22','2025-03-09 11:43:08.771590','2025-03-25 01:58:26.390052','PB',10,17);
INSERT INTO news_app_news VALUES(11,'O‘zbekiston va Turkmaniston o‘rtasida erkin savdo rejimi joriy etildi','ozbekiston-va-turkmaniston-ortasida-erkin-savdo-rejimi-joriy-etildi',replace(replace('2024-yil 16-iyul kuni imzolangan «O‘zbekiston va Turkmaniston Hukumatlari o‘rtasida uzoq muddatli savdo-iqtisodiy hamkorlikning asosiy yo‘nalishlari to‘g‘risida Bitimga erkin savdo rejimidan istisnolar to‘g‘risida»gi bayonnoma kuchga kirishi uchun zarur tartibotlarning ikki taraflama bajarilishi yakunlandi.\r\n\r\nInvestitsiyalar, sanoat va savdo vazirligi bergan ma’lumotga ko‘ra, shu munosabat bilan, O‘zbekiston va Turkmaniston o‘rtasida 2025-yil 25-fevraldan erkin savdo rejimi joriy etildi.\r\n\r\nMazkur Bayonnoma O‘zbekiston Prezidentining 2025-yil 27-yanvardagi PQ-29-son qarori bilan tasdiqlangan.\r\n\r\nQayd etilishicha, 2024-yilda ikki mamlakat o‘rtasidagi savdo aylanmasi 1,14 mlrd dollarni tashkil etib, avvalgi yilga nisbatan 5,5 foizga oshgan.\r\n\r\nRejimning joriy etilishi natijasida, ayrim turdagi mahsulotlardan tashqari ikki mamlakatda ishlab chiqarilgan tovarlarga nisbatan bojxona bojlari bekor qilinib, o‘zaro tovarlar savdosidagi mavjud cheklovlar bartaraf etildi va savdo tartibotlari soddalashtirildi.\r\n\r\nMasalan, Turkmanistonga olib kirilayotgan mahalliy sement mahsulotlari (bojxona to‘lovi 100 foiz), to‘qimachilik matolari (50 foiz), mebel (50 foiz), shisha idishlar (50 foiz), suv isitish qozonlari (15 foiz), plastik va polipropilen mahsulotlar (10 foiz), kolbasa va go‘sht mahsulotlari (1 kg uchun 2 dollar), paxta yog‘i (1 kg uchun 1 dollar) bojxona to‘lovlari bekor qilindi.\r\n\r\nBojsiz savdo rejimining qo‘llanishi kelgusida ikki mamlakat o‘rtasida investitsiya sohasidagi hamkorlikni kengaytirish va sanoat kooperatsiyalarini rivojlantirish orqali o‘zaro savdo aylanmasi hajmini oshirishga zamin yaratadi.\r\n\r\nInvestitsiyalar, sanoat va savdo vazirligi mas’ul vazirlik va idoralar bilan birgalikda Turkmaniston bozoriga mahalliy mahsulotlarni eksport qilishda O‘zbekiston va Turkmaniston o‘rtasida erkin savdo rejimidan samarali foydalanishni ta’minlash bo‘yicha muntazam tizimli ishlar olib boriladi.','\r',char(13)),'\n',char(10)),'news/images/turkman.jpeg','2025-03-09 11:43:58','2025-03-09 11:46:15.382702','2025-03-09 11:46:15.382748','PB',9,0);
INSERT INTO news_app_news VALUES(12,'Sustkashlikka yo‘l qo‘ygan 30 rahbarga chora ko‘rildi','sustkashlikka-yol-qoygan-30-rahbarga-chora-korildi',replace(replace('Prezident Shavkat Mirziyoyev 4-mart kuni kambag‘allikni qisqartirish va aholi bandligini ta’minlash, investitsiya va eksport ko‘rsatkichlari bo‘yicha hisobot bilan tanishdi.\r\n\r\nYil boshidan aholi bandligini ta’minlash bo‘yicha yangi tizim joriy qilingan edi. 208 ta tuman va shahar hokimlari hamda banklar rahbarlari o‘rtasida bu borada hamkorlik shartnomalari imzolandi. Bank filiallarida mahallabay ishlash bo‘limlari tashkil etilib, ularga “mahalla bankirlari” tayinlandi.\r\n\r\nBularning natijasida yanvar oyida 239 ming, fevral oyida 480 ming aholi daromadli mehnatga jalb qilindi. Yil boshidan kichik va o‘rta biznesga jami 14 trillion so‘m kredit yo‘naltirildi. Jumladan, tadbirkorlik dasturlari doirasida 2 trillion so‘m ajratildi.\r\n\r\nOdamlarga daromad topish imkoniyatlari, tayyor biznes loyihalari tanishtirilib, ularni amalga oshirish yo‘llari o‘rgatilmoqda. Ishli bo‘lganlar soliq qo‘mitasida tasdiqlanmoqda. Mas’ullarga yuklatilgan vazifalar ijrosi tahlil qilib borilayotir.\r\n\r\nYig‘ilishda ushbu tahlillar haqida axborot berildi.\r\n\r\nAholi bandligini ta’minlashda Jizzax, Samarqand, Buxoro va Navoiy viloyatlarida hamda O‘zmilliybank, Asakabank, Mikrokreditbank va Biznesni rivojlantirish banki loyihalarida yuqori ko‘rsatkichlar qayd etilgan.\r\n\r\nLekin Sirdaryo viloyati, 24 ta tuman va shaharda natijalar yuqori emas. Shu bois vazifalar ijrosida sustkashlikka yo‘l qo‘ygan 30 nafar rahbarga nisbatan choralar ko‘rilgan.\r\n\r\nTo‘plangan tajribadan kelib chiqib, kelgusi oylarda natijadorlikni oshirish, ishsizlarni kasbga va foydali mehnatga yo‘naltirish zarurligi ta’kidlandi. Hozirgi bahor mavsumida tomorqa va ijara yerlarda to‘liq ekin ekish, buni online-mahalla.uz platformasi orqali kuzatib borish bo‘yicha ko‘rsatmalar berildi.\r\n\r\nO‘tgan ikki oyda investitsiya va eksport ko‘rsatkichlari ham ijobiy bo‘ldi. Yil boshidan beri 6 milliard dollardan ziyod xorijiy investitsiya va kreditlar o‘zlashtirildi. Qiymati 574 million dollarlik 1 ming 100 ta o‘rta va kichik loyiha bajarilib, 17 mingdan ziyod yangi ish o‘rni yaratildi.\r\n\r\n2,8 milliard dollarlik tovar va xizmatlar eksport qilindi. Ayniqsa, zargarlik mahsulotlari eksporti o‘tgan yilga nisbatan 7 barobar, kimyoda 1,7 marta, elektrotexnika va oziq-ovqatda 1,2 barobar, turizm xizmatlari 1,6 barobar o‘sgan.\r\n\r\n132 ta korxonada xalqaro standartlar joriy qilingan. 521 ta korxona ilk bor tashqi bozorga chiqib, birgina fevral oyida qo‘shimcha 183 million dollar eksport qilgan.\r\n\r\nYig‘ilishda ayrim tarmoq va hududlarda investitsiya ko‘rsatkichlari past bo‘lgani qayd etilib, buning sabablari va yechimlari muhokama qilindi.\r\n\r\nO‘zbekiston Respublikasi Bosh prokurori o‘rinbosari etib tayinlangan Dilmurod Qosimov tanishtirildi. U tadbirkorlar va investorlarning qonuniy huquq va manfaatlari himoyasi sohasidagi nazorat uchun mas’ul bo‘ladi. Endilikda prokuratura idoralari bu borada qulay huquqiy muhit yaratishda muhim o‘rin tutadi.\r\n\r\nMutasaddilar birinchi chorak yakuni bilan 8 milliard dollardan ziyod xorijiy investitsiyani o‘zlashtirish rejalari, qo‘shimcha eksport imkoniyatlari yuzasidan axborot berdi.','\r',char(13)),'\n',char(10)),'news/images/sustkash.jpg','2025-03-09 11:46:19','2025-03-09 11:47:45.581442','2025-03-25 02:06:29.703712','PB',9,21);
INSERT INTO news_app_news VALUES(13,'“Bir qo‘lda ishlashimni ko‘rib hayron qolishadi” – Toshkentni ko‘rmagan oqbo‘yralik dehqon ona hikoyasi','bir-qolda-ishlashimni-korib-hayron-qolishadi-toshkentni-kormagan-oqboyralik-dehqon-ona-hikoyasi',replace(replace('Zuhraxon Oripova 53 yoshda. U Oltiariq tumanining Oqbo‘yra qishlog‘idan. Bir yarim yasharligida sandalga tushib ketishi oqibatida o‘ng qo‘lidan ayrilgan. Zuhra opa dalaga chiqib paxta teradi, tomorqasida bodring, rediska ekib daromad ko‘radi, uzum parvarishlaydi, kunlik ishlarda ishlaydi. “Toshkentga hali bormaganman, Tashkent city’larni televizorda ko‘rib havas qilib o‘tiraman”, – deydi dehqon ona.\r\n\r\nBir qo‘lli bo‘lish Zuhraxon Oripovani hayotda yanada kuchli, shijoatli bo‘lishga undadi. Oila qurdi, ikki farzandli bo‘ldi.\r\n\r\n“Oilada olti farzand edik. Fotima, men Zuhra, bizdan keyin yana yigirma kunlik chaqaloq ukamiz bilan sandalga tushib ketgan ekanmiz. Umrimdan bor ekan, uch marta qo‘limni kesishgan. Otam dori-darmon topib kelib, bir narsa qilib tuzatib olgan. Otamga ham rahmat, tan-u joni sog‘ bo‘lsin, baxtimga omon bo‘lsin, Hajga borsin ilohim.\r\n\r\n\r\nOltiariq ahli mehnatkash bo‘ladi. Qishloqda qishin-yozin tinmaymiz. Turmush o‘rtog‘im ham ikkinchi guruh nogironi. Yer olamiz, ekin-tikin qilib ro‘zg‘orga pul jamg‘aramiz. O‘tgan yili sakkiz million so‘mlik paxta terdik er-xotin.\r\n\r\nYoshligimdan ipak qurti tutganmiz, hovlimizda o‘ttiz beshtadan qo‘yimiz bo‘lgan. Maktabgacha shu qo‘ylarni dalaga olib chiqib boqib kelardim. Beda tomirini terib kelardik. Yoshligimiz dalada o‘tdi.\r\n\r\n\r\nBir qo‘lli bo‘lsam ham hayotimdan nolimayman. Ikki o‘g‘lim bor, nevarali bo‘ldik. Erta bahordan uzumlarga qaraymiz, tagini chopamiz, qo‘shimcha kunlik ishlarga chiqamiz. Bir qo‘lda ishlayotganimni ko‘rib hayron bo‘lib telefonlariga videoga olishadi.\r\n\r\nYoshligimda jo‘da sho‘x-shaddod qiz bo‘lganman. Qo‘lim yo‘qligidan o‘ksigan kunlarim ham bo‘lgan. Otam yoshligimda o‘qituvchi bo‘lgin menga o‘xshab derdi. “Yo‘q, men o‘qituvchi bo‘lmayman, qo‘lim yo‘q-ku” desam, “o‘qituvchi bo‘lasan, gaping o‘tadi, epchilsan”, deb uqtirardi. Men esa prokuror bo‘laman, prokuror bo‘lib Toshkentlarda yuraman, samolyotlarda yuraman deb qat’iy gapirardim.\r\n\r\nIssiqxonada rediska yetishtiraman, mana ayni kunlarda ularni sotyapman. Bodring yetishtirib uni ham sotamiz. Qoramollarimiz bor. Uzum parvarishlab sotamiz. Dalada g‘o‘zapoya o‘rib sotamiz. Xullas mehnatimiz ortidan ustimiz but, qora qozonimiz qaynab turibdi.\r\n\r\nToshkentga bormaganman, to‘g‘risi, televizorda ko‘rib havas qilib o‘tiraman. Farg‘onadan chiqmaganmiz-da, mehnatdan ortib vaqt ham bo‘lmagan, endi orzu qilamiz xolos. Orzularimdan biri Toshkent shahriga borib, kinoteatrlarga, Ozodbek Nazarbekov, Yulduz Usmonovalarning konsertlariga tushish. Metrolarida yurishni xohlaymiz. Umralarga, katta Hajlarga ham borish niyatimiz bor”, – deydi Zuhra opa Oripova.','\r',char(13)),'\n',char(10)),'news/images/ona.jpg','2025-03-09 14:40:07','2025-03-09 14:43:50.037342','2025-03-23 18:05:16.230108','PB',13,1);
INSERT INTO news_app_news VALUES(14,'Foto: Falastin bayrog‘ini ko‘targan aktivist Big-Benga chiqib oldi','foto-falastin-bayrogini-kotargan-aktivist-big-benga-chiqib-oldi',replace(replace('U minoradan 16 soat o‘tib tushirilgan.\r\nLondon politsiyasi Vestminster saroyining soatli minorasidan Falastin tarafdori bo‘lgan aktivistni tushirib oldi. \r\n\r\nFalastin bayrog‘ini ko‘targan shaxs Britaniya parlamenti joylashgan hududga 8 mart tongida kirib kelgan. U tezda panjaraga chiqib, Big-Ben devori bo‘ylab bir necha metrga tirmashib chiqqan, shundan keyingina politsiyachilar e’tiborini tortgan.\r\n\r\nQaysidir pallada u minoraning yuqori qismiga ko‘tarilish uchun poyabzalini yechadi. Lekin oyoqlarini jarohatlab, tosh devorda qon dog‘larini qoldirdi.\r\n\r\nAktivist Instagramda efirga chiqib, «politsiya qatag‘onlari va davlat zo‘ravonligi»ga qarshi norozilik bildirgan.\r\n\r\nKun davomida u politsiya bilan muzokaralar olib bordi va faqat «o‘z shartlari bilan» pastga tushishini aytdi. Agar kimdir unga yaqinlashgudek bo‘lsa, hayotini xavf ostida qoldirib, yanada yuqori ko‘tarilish bilan tahdid qildi.\r\nHodisa tufayli Vestminster ko‘prigi yopildi, shuningdek, parlament hududidagi barcha ekskursiyalar bekor qilindi. Big-Ben qarshisidagi o‘rab olingan maydonda bir guruh odamlar to‘planib, «Falastinga ozodlik» va «Sen qahramonsan» degan shiorlarni aytib hayqirishgan, deb xabar beradi BBC.\r\n\r\nPolitsiyachilar aktivistni yarim tundan keyin o‘t o‘chirish krani orqali pastga tushishga ko‘ndirishga muvaffaq bo‘lgan. The Independent ma’lumotiga ko‘ra, ushbu erkak minorada 16 soat o‘tkazgan. Hozir u hibsga olingan.','\r',char(13)),'\n',char(10)),'news/images/palestine.jpg','2025-03-09 14:45:49','2025-03-09 14:48:21.417638','2025-03-23 18:08:32.286542','PB',10,4);
INSERT INTO news_app_news VALUES(15,'"Crazy Ilon", Yil boshidan beri Ilon Maskning boyligi 100 mlrd dollarga kamaydi','crazy-ilon-yil-boshidan-beri-ilon-maskning-boyligi-100-mlrd-dollarga-kamaydi',replace(replace('Ilon Mask egalik qiladigan Tesla va boshqa yirik kompaniyalar aksiyalari kotirovkasi pasaymoqda. O‘z navbatida bu amerikalik milliarderning boyligi kamayishiga sabab bo‘lyapti.\r\n\r\nTesla va SpaceX asoschisi Ilon Maskning boyligi yil boshidan beri 100 milliard dollardan ortiqqa kamaydi. OAV va birja tahlilchilarining hisob-kitoblariga ko‘ra, Tesla va boshqa kompaniyalar aksiyalari kotirovkasining pasayishi tufayli Maskning boyligi endi 330 milliard dollarga baholanmoqda — bu yil boshidagi ko‘rsatkichdan 102 milliard dollarga kam.\r\n\r\nTahlilchilarning qayd etishicha, so‘nggi oylarda Amerika fond indeksi pasaymoqda va bu qator yirik kompaniyalar kotirovkalarining qulashiga olib kelmoqda. Natijada, Ilon Maskniki kabi sezilarli darajada bo‘lmasa ham, ayrim amerikalik milliarderlarning boyliklarni kamayishni boshlagan.\r\n\r\nXususan, Oracle korporatsiyasi asoschisi Larri Ellisonning boyligi yil boshidan beri 19 milliard dollarga, Amazon asoschisi Jyeff Bezosniki esa 17 milliard dollarga kamaygan.\r\n\r\nKo‘plab ommaviy axborot vositalarining ta’kidlashicha, Ilon Mask kompaniyalari kotirovkalarining pasayishi jamoatchilik va investorlarning uning Donald Tramp ma’muriyatidagi harakatlariga nisbatan bildirayotgan munosabatlariga bog‘lik. Xususan, AQSh va Yevropada Ilon Maskning harakatlariga nisbatan norozilik namoyishlari boshlangan, qator davlatlarda esa Tesla savdolari sezilarli darajada tushib ketgan.\r\n\r\nEslatib o‘tamiz, o‘tgan yilning dekabrida The Guardian amerikalik tadbirkor Ilon Mask 2027 yilga borib dunyodagi birinchi dollardagi trillionerga aylanishi mumkinligi haqida yozgandi.','\r',char(13)),'\n',char(10)),'news/images/ilon.jpg','2025-03-09 17:50:17','2025-03-09 17:56:18.127788','2025-03-24 18:38:38.470620','DF',10,105);
INSERT INTO news_app_news VALUES(16,'Isroil G‘azo bo‘yicha muzokaralarni davom ettirish uchun Dohaga delegatsiya yuboradi','isroil-gazo-boyicha-muzokaralarni-davom-ettirish-uchun-dohaga-delegatsiya-yuboradi',replace(replace('O‘t ochishni to‘xtatishning birinchi bosqichi 27 fevralda tugagan edi. Tomonlar hozircha tinchlik sulhining ikkinchi bosqichi bo‘yicha kelishuvga erishgani yo‘q.\r\n\r\nIsroil delegatsiyasi 10 mart kuni G‘azo sektorida o‘t ochishni to‘xtatish va garovdagilarni ozod etish bo‘yicha HAMAS bilan muzokaralarni faollashtirish uchun Qatarga yo‘l oladi. Bu haqda Isroil bosh vaziri kanselyariyasi ma’lum qildi.\r\n\r\nTinchlik sulhining birinchi bosqichi yakunlangan, tomonlar uning ikkinchi bosqichi bo‘yicha hali kelishuvga erishmadi.\r\n\r\nBayonotda aytilishicha, Isroil vositachilar, xususan, AQSh taklifini qabul qilgan va delegatsiyasini Dohaga yuborish qaroriga kelgan.\r\n\r\n«Isroil AQSh tomonidan qo‘llab-quvvatlanayotgan vositachilar taklifiga rozi bo‘ldi va muzokaralarda natijaga erishish maqsadida dushanba kuni Dohaga delegatsiya yuboradi», — deyiladi xabarda.\r\n\r\nAQSh HAMASga taklif qilgan bitimda keltirilishicha, garovda saqlanayotgan 10 nafar isroillik o‘t ochishni 60 kunga to‘xtatish evaziga ozod etiladi.\r\n\r\nTa’kidlanishicha, muzokaralar AQSh da HAMAS o‘rtasida Qatar hamda Misr vositachiligida o‘tkazilmoqda, Isroil tomoni bunga aralashmayapti.\r\n\r\nAvvalroq AQSh prezidenti Donald Tramp HAMAS harakatiga «oxirgi ogohlantirish» berib, garovga olinganlarning barchasini zudlik bilan ozod qilishni talab etgan edi. Biroq harakat bu tahdidni e’tiborsiz qoldirib, Isroil bilan kelishuvning ikkinchi bosqichiga o‘tilmaguncha hech kim ozod etilmasligini ma’lum qilgan.\r\n\r\nIsroil va HAMAS o‘rtasida o‘t ochishni to‘xtatish kelishuvining birinchi bosqichi 27 fevral kuni yakunlangan. Unda garovdagi 33 nafar isroillik 1890 nafar falastinlik asir evaziga qaytarildi.','\r',char(13)),'\n',char(10)),'news/images/gaza.jpg','2025-03-09 17:56:27','2025-03-09 17:59:00.617405','2025-03-23 13:21:56.829859','PB',10,15);
INSERT INTO news_app_news VALUES(17,'Rossiyada og‘ir tan jarohati olgan erkak O‘zbekistonga qaytarildi','rossiyada-ogir-tan-jarohati-olgan-erkak-ozbekistonga-qaytarildi',replace(replace('U Birobijon shahrida ehtiyotsizligi oqibatida daraxtdan yiqilgan va bo‘yin umurtqa qismi singan.\r\nO‘zbekiston diplomatlari sa’y-harakatlari bilan Vladivostok shahrida og‘ir tan jarohati olgan vatandosh O‘zbekistonga qaytdi, deb xabar berdi «Dunyo».\r\n\r\nO‘zbekiston Bosh konsulxonasi ma’lumotiga ko‘ra, Samarqand viloyatidan bo‘lgan yurtdosh ariza bilan murojaat qilib, o‘g‘li S.G. baxtsiz hodisa oqibatida jiddiy jarohat olib, Vladivostok shahri shifoxonasida yotganini va dori-darmon uchun yetarli mablag‘ qolmaganini bildirgan hamda O‘zbekistonga qaytish uchun amaliy yordam so‘ragan.\r\n\r\nMa’lum bo‘lishicha S.G. 2023 yilda Rossiyaning Xabarovsk o‘lkasiga vaqtincha mehnat faoliyatini amalga oshirish uchun borgan. Ammo, o‘tgan yili oktabr oyida Birobijon shahrida ehtiyotsizligi oqibatida daraxtdan yiqilgan va bo‘yin umurtqa qismi singan. U operatsiya qilinib, statsionar davolanishga yotqizilgan.\r\n\r\nAmmo shifokorlar bemorda qayta operatsiya o‘tkazish kerakligini bildirgan. Biroq, unda operatsiya uchun yetarli mablag‘ yo‘qligi uchun davolanishni O‘zbekistonda davom ettirishga qaror qilgan.\r\n\r\n5 mart kuni bemorga O‘zbekistonga qaytib ketishi uchun «Uzbekistan Airways» aviakompaniyasining Vladivostok-Toshkent yo‘nalishidagi samolyotiga chipta sotib olib berilgan.','\r',char(13)),'\n',char(10)),'news/images/rossiya.jpg','2025-03-09 18:00:24','2025-03-09 18:01:17.606993','2025-03-25 03:19:51.303949','PB',9,140);
INSERT INTO news_app_news VALUES(18,'Toshkentda 4 ta avtomobil o‘zaro to‘qnashdi','toshkentda-4-ta-avtomobil-ozaro-toqnashdi',replace(replace('Shahrisabz-Taras Shevchenko ko‘chalari chorrahasida Spark, Epica, BYD va Nexia-2 ishtirokida YTH sodir bo‘lgan. Spark haydovchisiga birinchi tez tibbiy yordam ko‘rsatilgan.\r\n\r\n2025 yilning 7 mart kuni soat 00:10 larda Mirobod tumani, Shahrisabz-Taras Shevchenko ko‘chalari chorrahasida yo‘l-transport hodisasi yuz berdi.\r\n\r\nToshkent shahar IIBB YHXB xabariga ko‘ra, Spark rusumli transport vositasi, Epica rusumli transport vositasi, BYD rusumli transport vositasi va Nexia-2 rusumli avtomashinalari o‘zaro to‘qnashuvi natijasida yo‘l-transport hodisasi sodir bo‘lgan.\r\n\r\nYTH natijasida Spark rusumli avtomashina haydovchisiga shifokorlar tomonidan birinchi tez tibbiy yordam ko‘rsatilgan.\r\n\r\nHolat yuzasidan Toshkent shahar IIBB YHXB mas’ul xodimlari tomonidan surishtiruv ishlari olib borilmoqda.','\r',char(13)),'\n',char(10)),'news/images/avtohalokat.jpg','2025-03-09 18:01:24','2025-03-09 18:03:11.036284','2025-03-09 18:03:11.036331','PB',9,0);
INSERT INTO news_app_news VALUES(19,'Toshkent viloyatidagi bog‘cha xodimi bolalarni gimnastika tayoqchasi bilan urdi','toshkent-viloyatidagi-bogcha-xodimi-bolalarni-gimnastika-tayoqchasi-bilan-urdi',replace(replace('Parkent tumanidagi maktabgacha ta’lim tashkilotida jismoniy tarbiya yo‘riqchisi bolalarni qo‘li va gimnastika tayoqchasi bilan urdi. Shu bog‘chaning boshqa tarbiyachisi ham bolalarga qo‘pol munosabatda bo‘lgan.\r\nToshkent viloyati Parkent tumanidagi bog‘chada tarbiyachilar bolalarga qo‘pol munosabatda bo‘lgani aniqlandi. Viloyat MMTB holat yuzasidan ma’lumot berdi.\r\n\r\nMa’lum qilinishicha, mazkur holat 6 yanvar kuni tumandagi 19-sonli davlat maktabgacha ta’lim tashkilotida soat 17:00 atrofida sodir bo‘lgan.\r\n\r\nMuassasada jismoniy tarbiya yo‘riqchisi vazifasida faoliyat yuritadigan P.A. tarbiyalanuvchilarni gimnastika tayoqchasi bilan turtib, qatorga turishga undagan.\r\n\r\nO‘rganishlar davomida tashkilotning tarbiyachisi Sh. M. ham bolalar bilan qo‘pol munosabatda bo‘lgani aniqlangan.\r\n\r\nMazkur holatlar o‘rganilib, muassasaning jismoniy tarbiya yo‘riqchisi hamda tarbiyachi bilan tuzilgan shartnoma Mehnat kodeksiga asosan bekor qilindi.\r\n\r\nBolalar ombudsmani ham holatga munosabat bildirgan. Unga ko‘ra, 28 fevral kuni Parkent tumanidagi bolalar bog‘chasida tarbiyachi A.P. tomonidan tarbiyalanuvchilar Z.R. (2018 yilda tug‘ilgan, qiz bola) va S.M. (2019 yilda tug‘ilgan o‘g‘il bola)larning qulog‘idan tortib, yuz va bosh qismlariga bir necha marotaba urgani videoyozuvda qayd qilingan.\r\n\r\nHolat yuzasidan hozirda tergovga qadar tekshiruv olib borilmoqda, voyaga yetmagan bolalarga nisbatan tan jarohati yetkazilgani faktini aniqlash maqsadida sudga oid ekspertiza tayinlangan.','\r',char(13)),'\n',char(10)),'news/images/bogcha.jpg','2025-03-09 18:05:03','2025-03-09 18:06:42.743512','2025-03-09 18:06:42.743559','PB',9,0);
INSERT INTO news_app_news VALUES(20,'«Siti» muhim o‘yinda yutqazdi, «Barselona»da fojia. Kun o‘yinlari','siti-muhim-oyinda-yutqazdi-barselonada-fojia-kun-oyinlari',replace(replace('«Liverpul» chempionlik sari yana bir qadam tashladi, Milan jamoalari «egizak» kambeklar qayd etishdi. Shanba oqshomida Yevropa futbolida ro‘y bergan asosiy voqealar, o‘yinlardagi gollar va turnir jadvallaridagi vaziyat.\r\n\r\nAngliya: Saloh APLning abadiy rekordi sari ketmoqda\r\n\r\n«Nottinghem Forest» – «Manchester Siti» – 1:0\r\nGol: Hadson-Odoi, 83.\r\n«Nottinghem Forest»: Zels, Ayna, Milenkovich, Murilo, Uilyams, Dominges (Yyeyts, 69), Anderson, Elanga (Sangare, 80), Gibbs-Vayt, Hadson-Odoi (Morato, 87), Vud (Avoniyi, 87)\r\n«Manchester Siti»: Ederson, Nunes (Lyuis, 61), Husanov, Diash, Gvardiol, Gonsales (Kovachich, 62), Silva, Savino (Marmush, 69), Foden (De Bryuyne, 69), Doku, Holand.\r\n\r\nKunning birinchi o‘yini ssenariysini oldindan taxmin qilish mumkin edi, «Manchester Siti»ga qarshi Nunu Eshpiritu Santu uyda ham ikkinchi raqam ostida o‘ynashi va qarshi hujumlarga tayanishi tushunarli edi. Joriy mavsum «o‘rmonchilar» kichik imkoniyatdan ham foydalanib ketishini ko‘p marta ko‘rsatdi. Jamoa sabr qilishni biladi va o‘z lahzasini uzoq vaqt kuta oladi. Buni butun APL biladi, ammo amalda hech kimda «Nottinghem» modeliga qarshi retseptlar yo‘q. Turnir jadvali peshqadami «Liverpul» birinchi davrada o‘z maydonida yutqazgan (0:1), ikkinchi davrada safar o‘yinida ham gol urolmagandi (0:0).\r\n\r\nBu jamoaga qarshi imkon qadar birinchi bo‘lib gol urish kerak bo‘ladi. Birinchi davrada «Arsenal» va «Siti» o‘z maydonidagi o‘yinlarda buni uddalagan va yakunda yirik hisobda g‘alaba qozongandi (3:0). Ammo ikkinchi davrada «Nottinghem» «Arsenal» hisobni ochishiga yo‘l qo‘ymadi (0:0), amaldagi chempionlar ham tezkor gol ura olmagach, o‘yinni asta-sekinlik bilan o‘ziga moslashtirdi. Ikkinchi bo‘limda mezbonlar faollashganida esa bir xavfli vaziyatni Ederson bartaraf etdi. Yerlatib yo‘llangan zarbadan keyin braziliyalik posbon ajoyib seyv ijro etib, to‘pni ustun tomon yo‘naltirdi, ammo ko‘p o‘tmay yaqin burchagidan gol o‘tkazib yubordi.\r\n\r\nBu golda birgina darvozabonni ayblab bo‘lmaydi, bu qarshi hujum Marmush o‘ng qanotda to‘pni Aynaga oldirishi va keyin chap qanot himoyasiga javobgar futbolchilar Gibbs-Uaytning diagonal uzatmasiga tayyor bo‘lmagani tufayli ham ro‘y berdi.\r\n\r\nHadson-Odoining zarbasi to‘p Gvardiolning oyoqlari orasidan o‘tib kelgani ham darvozabonga qiyinchilik tug‘dirdi, qolaversa, zarba yaqin masofadan yo‘llangandi. Bu g‘alaba evaziga «Nottinghem» «Siti» bilan oradagi farqni to‘rt ochkoga yetkazib, uchinchi o‘rinni o‘zida saqlab qoldi. Yakshanba kungi o‘yinlar natijalariga ko‘ra «Siti» kuchli to‘rtlikdagi o‘rnini «Chelsi»ga oldirib qo‘yishi ham mumkin. \r\n\r\n«Siti» safida bu safar ham Abduqodir Husanov kuchli o‘yin namoyish etdi va bir necha bor jamoasini golli vaziyatlardan qutqarib, yakunda eng yaxshi ball olgan ikki futbolchidan biri bo‘ldi. O‘yindan keyingi matbuot anjumanida Xosep Gvardiola ham o‘zbekistonlik himoyachining harakatlarini yuqori baholab, «uning o‘yinlaridan baxtiyor ekani»ni aytdi. \r\n\r\n«Liverpul» – «Sauthempton» 3:1\r\nGollar: Nunes, 52, Saloh, 53 (pen), 88 (pen) – Smollboun, 45+1\r\n«Liverpul»: Bekker, Aleksander-Arnold (Kvansa, 90), Konate, van Deyk, Tsimikas (Roberson, 46), Soboslai (Elliott, 46), Gravenberh (Endo, 81), Jons (Mak Allister, 46), Saloh, Nunes (Jota, 68), Dias.\r\n«Sauthempton»: Ramsdeyl, Uoker-Peters, Garvud-Bellis, Bednarek (Bella-Kochap, 18), Menning (Onuachu, 85), Ugochukvu (Aribo, 84), Smollboun (Lallana, 71), Fernandesh, Dibling (Archer, 64), Grenbek Yerlyukke (Sugavara, 64), Sulemana.\r\n\r\nTurnirning birinchi va oxirgi jamoalari to‘qnash kelgan «Enfild»da barchasi kutilganidek yakunlandi. Holbuki «Sauthempton» birinchi bo‘limga qo‘shib berilgan daqiqalarda hisobni ochib, tanaffusga g‘olib holda yo‘l olgandi. «Liverpul» esa ikkinchi bo‘limda Nunesning sa’y-harakatlari bilan barchasini o‘z o‘rniga qaytardi.','\r',char(13)),'\n',char(10)),'news/images/siti.jpg','2025-03-09 18:06:54','2025-03-09 18:08:25.372320','2025-03-24 11:01:38.318161','PB',12,33);
INSERT INTO news_app_news VALUES(21,'Gvardiola: «Husanov sotib olinganidan juda ham minnatdorman»','gvardiola-husanov-sotib-olinganidan-juda-ham-minnatdorman',replace(replace('«Manchester Siti» bosh murabbiyi Xosep Gvardiola Angliya kubogi 1/8 finali doirasidagi «Plimut»ga qarshi o‘yindan (3:1) keyin jamoaning yana bir markaziy himoyachisi Natan Ake ham jarohat olib safdan chiqqanini ma’lum qildi.\r\n\r\n«Afsuski, yana bir markaziy himoyachimiz jarohat olib uzoq muddatga safdan chiqdi. Natan Akeni sog‘inib qolamiz.\r\n\r\nKlubdan Husanov va Vitor Reysni sotib olganidan juda ham minnatdorman. Aks holda keyingi mavsum Chempionlar ligasiga yo‘llanma olish va Angliya kubogi g‘olibligi uchun kurasha olmagan bo‘lardik. Ularsiz buning imkoni bo‘lmasdi. Chunki bizda faqat Diash qolgan bo‘lardi», - deya Gvardiolaning so‘zlarini keltiradi Manchester Evening News.\r\n\r\nEslatib o‘tamiz, bungacha so‘nggi ikki haftada «Manchester Siti»ning ikki markaziy himoyachisi Jon Stounz va Manuel Akanji ham uzoq muddatga safdan chiqqandi.','\r',char(13)),'\n',char(10)),'news/images/husenov.jpg','2025-03-09 18:08:33','2025-03-09 18:10:25.185022','2025-03-23 13:13:23.472299','PB',12,2);
INSERT INTO news_app_news VALUES(22,'O‘zbekiston, Tojikiston va Qirg‘iziston 2031 yilgi Osiyo kubogini birgalikda o‘tkazmoqchi','ozbekiston-tojikiston-va-qirgiziston-2031-yilgi-osiyo-kubogini-birgalikda-otkazmoqchi',replace(replace('Uchala mamlakat futbol federatsiyalari Osiyo futbolining bosh turnirini birgalikda o‘tkazish uchun qo‘shma nomzodini ilgari surdi.\r\nO‘zbekiston, Tojikiston va Qirg‘iziston bilan birgalikda 2031 yilgi Osiyo kubogini o‘tkazmoqchi. Bu haqda O‘zbekiston futbol assotsiatsiyasi (O‘FA) xabar berdi.\r\n\r\nQayd qilinishicha, Osiyo futbol konfederatsiyasi (OFK) 2031 yilda Osiyo qit’asining eng nufuzli futbol turniri bo‘lgan Osiyo kubogi mezbonligiga nomzodlarni ko‘rib chiqishni boshlagan. O‘zbekiston, Tojikiston va Qirg‘iziston futbol uyushmalari birgalikda Osiyo kubogi mezbonligini yuqori saviyada o‘tkazishga ishonch bildirgan holda, o‘z qo‘shma nomzodini ilgari surgan.\r\n\r\n«Bugungi kunda qo‘shni mamlakatlar bilan birga O‘zbekiston ham nufuzli musobaqani qabul qilishga har tomonlama tayyor. Toshkent, Namangan, Farg‘ona, Qarshi kabi shaharlarda stadionlar xalqaro standartlarga mos ravishda tartibga keltirildi. Qo‘shimcha ravishda, oxirgi yillarda Osiyoning U-20, U-23 turnirlari, futzal bo‘yicha Jahon chempionati mezbonligi ulkan tajriba vazifasini o‘tadi. Markaziy Osiyo har doimgidek o‘zining mehmondo‘stligi, professional yondashuvi, futbolga fidoyiligi va albatta futbolsevar muxlislar mehri bilan butun Osiyo e’tiborini qozonishga tayyor», deyiladi xabarda.\r\n\r\n24 fevral holatiga 2031 yilgi Osiyo kubogini o‘tkazish uchun BAA, Indoneziya va Kuvayt ham alohida ariza topshirgan.\r\n\r\n2031 yilgi Osiyo kubogi 20-marta o‘tkaziladi, turnirda 24 ta terma jamoa ishtirok etadi. OFK tomonidan 1956 yildan buyon o‘tkazib kelinayotgan turnir to‘rt yilda bir marta tashkil qilinadi. 2023 yilda musobaqa Qatarda o‘tkazildi. 2027 yilda turnirga Saudiya Arabistoni mezbonlik qiladi.','\r',char(13)),'\n',char(10)),'news/images/kubok.jpg','2025-03-09 18:10:29','2025-03-09 18:12:00.220535','2025-03-09 18:12:00.220586','PB',12,0);
INSERT INTO news_app_news VALUES(23,'Rossiyaning «Atom» elektromobili O‘zbekistonda ishlab chiqarilishi mumkin','rossiyaning-atom-elektromobili-ozbekistonda-ishlab-chiqarilishi-mumkin',replace(replace('«Kama» kompaniyasi tomonidan ishlab chiqilayotgan texnologiyani O‘zbekistonda qo‘llash imkoniyatlari ko‘rib chiqilmoqda.\r\n«Atom» elektromobilini ishlab chiqayotgan Rossiyaning «Kama» kompaniyasi uni ishlab chiqarish va kompaniya texnologiyalarini eksport qilish masalasida O‘zbekiston, Xitoy va boshqa bir qator davlatlar bilan muzokaralar olib bormoqda. Bu haqda kompaniyaning davlat idoralari va korporativ hamkorlari bilan munosabatlari bo‘yicha direktori Anatoliy Kiyashko ma’lum qildi.\r\n\r\n«Avvalroq Rossiya prezidenti Vladimir Putin O‘zbekiston prezidenti bilan uchrashuvda «Atom» ishlab chiqarish yoki «Kama» kompaniyasi tomonidan ishlab chiqilayotgan texnologiyani O‘zbekistonda qo‘llash imkoniyatlarini ko‘rib chiqish mumkinligini aytgan edi. Biz shunday muzokaralar olib bormoqdamiz. <...> Texnologiyalar - elektromobillarning platforma qismi ham, dasturiy ta’minot texnologiyalari ham juda raqobatbardosh, shuning uchun ularni eksport qilish mumkin», dedi Kiyashko.\r\n\r\nUning so‘zlariga ko‘ra, boshqa davlatlar bilan ham shunday muzokaralar olib borilmoqda. «Birinchi navbatda bu Xitoy», deb qo‘shimcha qildi agentlik manbasi.\r\n\r\n«Atom» elektromobili ilk bor 2023 yil may oyida taqdim etilgan. Uni seriyali ishlab chiqarish va sotish 2025 yil ikkinchi yarmida yo‘lga qo‘yilishi rejalashtirilgan. 500 km gacha yura oladigan elektromobil 8 soniyada 100 km/soat tezlikka erishadi.','\r',char(13)),'\n',char(10)),'news/images/atom.jpg','2025-03-09 18:12:42','2025-03-09 18:13:27.105365','2025-03-23 11:25:30.012846','PB',11,1);
INSERT INTO news_app_news VALUES(24,'Xitoy humanoid roboti kung-fu ustasiga aylanmoqda','xitoy-humanoid-roboti-kung-fu-ustasiga-aylanmoqda',replace(replace('Unitree kompaniyasi G1 raqamli humanoid robotini ko‘rsatdi. U ideal muvozanatni saqlab, zarba berish, burilish va sakrash qobiliyatlariga ega.\r\nXitoy roboti murakkab harakatlarni bajarishni o‘rganib oldi, endi u kung-fu usullarini o‘zlashtirmoqda. Robot takomillashtirilgan algoritm tufayli yangi harakatlarni bajara oladi. Dastlab u virtual muhitda mashq qiladi, bu yerda videoyozuvlar va maxsus texnologiyalar yordamida insonning xatti-harakatlarini o‘rganadi. So‘ngra o‘zlashtirilgan ko‘nikmalar haqiqiy qurilmaga o‘tkaziladi, bu esa unga murakkab harakatlarni yuqori aniqlik bilan bajarish imkonini beradi.\r\n\r\nKompaniya tomonidan e’lon qilingan videoda G1 qoyilmaqom epchillikni namoyish etgan. U nafaqat raqsga tushib, akrobatik harakatlarni bajaradi, balki jang san’atlariga xos aniq zarbalarni ham ko‘rsatadi.\r\n\r\nOlimlar mashinaviy o‘rganish, biomimika va robototexnikani o‘z ichiga olgan texnologiyalar kombinatsiyasidan foydalanmoqda. Ular inson harakatlarini sensorlar yordamida tahlil qilib, inson biomexanikasiga taqlid qiladigan modellarni yaratyapti. Bundan tashqari, tadqiqotchilar robotlarga tajribadan o‘rganish va rivojlanishga yordam beradigan sun’iy intellekt algoritmlarini birlashtirmoqda.\r\n\r\n Unitree turli sharoitlarda, jumladan ishlab chiqarish, tibbiyot va uy-ro‘zg‘or sohasida ishlatishga mo‘ljallangan robotlarni yaratmoqda. Kompaniya bunday qurilmalar odamlarning yordamchisiga aylanib, kundalik va murakkab vazifalarni bajarishiga ishonch bildirmoqda.\r\n\r\nG1 ni o‘qitishda qo‘llangan Sim2Real texnologiyasi humanoidga dastlab raqamli muhitda harakatlarni o‘zlashtirish, so‘ngra ularni real hayotga ko‘chirish imkonini beradi. Bunday usul o‘quv jarayonini xavfsiz va samarali qiladi. Bundan tashqari, kompaniya o‘zining ma’lumotlar bazasini ochib qo‘ydi, bu boshqa tadqiqotchilarga o‘z ishlanmalarini takomillashtirishga yordam beradi.\r\n\r\nH1 va H1-2 kabi takomillashgan robot modellari yanada kattaroq imkoniyatlarga ega. 2024 yilda H1 modeli soatiga 11,88 kilometr tezlikka erishib, Ginnes rekordini o‘rnatgandi. G1 esa ixchamligi va arzonligi bilan ajralib turadi, shu sababli u robototexnika sohasidagi yangi yechimlarni sinab ko‘rish uchun qulay hisoblanadi. Unitree texnologiyalarni rivojlantirish va robotlar harakatini yanada tabiiylashtirishni rejalashtirmoqda.','\r',char(13)),'\n',char(10)),'news/images/robot.jpg','2025-03-09 18:13:45','2025-03-09 18:15:07.901624','2025-03-23 19:07:20.409597','PB',11,23);
INSERT INTO news_app_news VALUES(25,'Samsung uchga buklanadigan smartfonni yozda chiqaradi','samsung-uchga-buklanadigan-smartfonni-yozda-chiqaradi',replace(replace('Ma’lumotlarga ko‘ra, bu 6,49 dyuymli ekran bo‘ladi, to‘liq ochilganda 10 dyuymli ekranga ega to‘laqonli planshetga aylanadi.\r\nYanvar oyida Samsung kompaniyasi uchga buklanadigan displeyli telefon ishlab chiqayotganini rasman e’lon qilgan edi. Janubiy Koreya texnologik giganti hali tafsilotlarni oshkor qilmagan bo‘lsa-da, sizib chiqqan ma’lumotlar ba’zi narsalarni tasavvur qilishimizga imkon beradi.\r\n\r\nNufuzli insayder Ross Yang so‘zlariga ko‘ra, bu 6,49 dyuymli ekran bo‘ladi. Biroq to‘liq ochilganda qurilma 10 dyuymli ekranga ega to‘laqonli planshetga aylanadi.\r\n\r\nQizig‘i shundaki: akkordeon kabi buklanadigan va ekranning bir qismini ochiq qoldiradigan Huawei kompaniyasining Mate XT smartfonidan farqli o‘laroq, Samsung kompaniyasi G uslubidagi buklama mexanizmdan foydalanadi, bu esa qurilmada ochiq joy qoldirmaydi. Ushbu yondashuv smartfonning chidamliligini ta’minlashi mumkin.\r\n\r\nYang so‘zlariga ko‘ra, kompaniya bunday qurilma uchun maxsus himoya plyonkasining yangi turini ham ishlab chiqmoqda.\r\n\r\nUchga buklanadigan telefonni ishlab chiqarish bilan bog‘liq qiyinchiliklarni hisobga olgan holda, ishlab chiqarish hajmi cheklangan bo‘lishi kutilmoqda. Smartfon ommaviy bozor flagmani sifatida emas, balki eksperimental premium model sifatida taqdim etilishi mumkin.\r\n\r\nBunday smartfon qancha turishi noma’lum. Bir narsa aniq - bu arzon bo‘lmaydi. Huawei Mate XT Xitoyda qariyb 3 ming dollarga sotilyapti, Samsung «uchbuklamasi» xuddi shunday narx atrofida bo‘lishini kutishimiz mumkin.\r\n\r\nSizib chiqqan ma’lumotlarga ko‘ra, qurilma 2025 yil 3-choragida (iyuldan sentabrgacha) chiqariladi va Samsung kompaniyasining boshqa buklanadigan modellari, xususan, Galaxy Z Fold 7 va Z Flip 7, shuningdek, yanada arzonroq Galaxy Z Flip 7 FE qatoridan joy oladi.','\r',char(13)),'\n',char(10)),'news/images/uchgabolinadigan.jpg','2025-03-09 18:15:13','2025-03-09 18:17:07.744882','2025-03-23 18:13:51.093638','PB',11,13);
INSERT INTO news_app_news VALUES(26,'Bahodir Qurbonov O‘zbekiston futbol assotsiatsiyasi prezidenti etib saylandi','bahodir-qurbonov-ozbekiston-futbol-assotsiatsiyasi-prezidenti-etib-saylandi',replace(replace('Davlat xavfsizlik xizmati raisi general-polkovnik Bahodir Qurbonov O‘zbekiston futbol assotsiatsiyasi prezidenti bo‘ldi.\r\nO‘zbekiston futbol assotsiatsiyasi prezidenti lavozimiga assotsiatsiya a’zolari tomonidan kelib tushgan nomzodlar Saylov qo‘mitasi a’zolari ishtirokida Assotsiatsiya Saylov kodeksi va Ustaviga asosan muvofiqlik tekshiruvidan o‘tkazildi.\r\n\r\nAssotsiatsiya Ustavining  30-moddasi 4-bandiga binoan delegatlar tomonidan O‘zbekiston futbol assotsiatsiyasi prezidenti lavozimiga Bahodir Qurbonov nomzodi ilgari surildi.\r\n\r\nAssotsiatsiya Ustavi va Saylov kodeksiga asosan Bahodir Qurbonov O‘zbekiston futbol assotsiatsiyasi prezidenti lavozimiga saylandi.\r\n\r\nAvvalroq O‘zbekiston futbol assotsiatsiyasi ustaviga muvofiq, 2025 yil 22 fevral kuni O‘FA prezidentligiga saylov bo‘lib o‘tishicha, DXX raisi general-polkovnik Bahodir Qurbonov nomzodi assotsiatsiya prezidentligiga ilgari surilayotgani xabar qilingandi.\r\n\r\nYanvar oxirlarida DXX sobiq raisi Abdusalom Azizov O‘zbekiston Futbol assotsiatsiyasi prezidenti lavozimidan ketgandi. Uning vazifalarini O‘FA birinchi vitse-prezidenti Ravshan Ermatov bajarib kelayotgan edi.','\r',char(13)),'\n',char(10)),'news/images/qurbonov.jpg','2025-03-09 18:19:33','2025-03-09 18:21:24.765788','2025-03-24 19:14:35.727311','PB',12,2);
INSERT INTO news_app_news VALUES(27,'AQSh sudi Xitoydan Covid-19 tarqalgani uchun 24 milliard dollar talab qildi','aqsh-sudi-xitoydan-covid-19-tarqalgani-uchun-24-milliard-dollar-talab-qildi',replace(replace('Sud Xitoy «pandemiya xavfi va ko‘lami to‘g‘risida dunyoni chalg‘itgani» va «shaxsiy himoya vositalarini yig‘ish bo‘yicha monopolistik amaliyotlar bilan shug‘ullanganini» e’tirof etdi.\r\nMissuri shtatining Sharqiy okrugi sudi Xitoy hukumatini pandemiya boshida koronavirus tarqalishi haqidagi ma’lumotlarni yashirganlikda aybdor deb topdi. Sud Xitoyni 24 milliard dollardan ko‘proq to‘lashga hukm qildi, deb yozdi The New York Times.\r\n\r\nDa’vo Missuri bosh prokurori tomonidan 2020 yil aprel oyida qo‘zg‘atilgan. Shtat rasmiylarining ta’kidlashicha, Xitoy Covid-19 mavjudligi va tarqalishi haqidagi ma’lumotlarni yashirgan va keyin butun dunyoga shaxsiy himoya vositalarini yetkazib berishni to‘xtatgan. Sudya Stiven Limbo o‘z qarorida Xitoy «pandemiya xavfi va ko‘lami to‘g‘risida dunyoni chalg‘itdi» va «shaxsiy himoya vositalarini yig‘ish bo‘yicha monopolistik amaliyotlar bilan shug‘ullandi» deb yozgan. Uning fikricha, bu Qo‘shma Shtatlarning pandemiyaga tezkor chora ko‘rishga to‘sqinlik qildi va tibbiyot xodimlari uchun yetarli jihozlarni sotib olishni imkonsiz qildi.\r\n\r\nMissuri rasmiylari Xitoy aktivlarini musodara qilish orqali jarimani undirishga va’da bermoqda. Xitoy tomoni esa sudya qaroriga rozi emasligini bildirdi.\r\n\r\n2019 yil dekabr oyida Xitoy hukumati Jahon sog‘liqni saqlash tashkilotiga (JSST) Uhanda pnevmoniya avj olgani haqida xabar berdi. 2020 yil mart oyida JSST bosh direktori Tedros Adanom Gebreyyesus virusning tez tarqalishi tufayli Covid-19 pandemiyasini e’lon qildi. Oxirgi ma’lumotlarga ko‘ra, koronavirusdan 7 milliondan ortiq odam vafot etgan. Uning oqibatlaridan vafot etganlar soni bundan ham ko‘p bo‘lishi mumkin.','\r',char(13)),'\n',char(10)),'news/images/covid.jpg','2025-03-09 18:21:28','2025-03-09 18:23:00.382237','2025-03-25 05:01:25.757701','PB',10,39);
INSERT INTO news_app_news VALUES(28,'Ultratovush yordamida inson kayfiyatini ko‘taradigan chip yaratildi','ultratovush-yordamida-inson-kayfiyatini-kotaradigan-chip-yaratildi',replace(replace('G‘ayrioddiy texnologiya miyaga yaqin joylashtiriladi va unga tovush to‘lqinlari bilan ta’sir ko‘rsatadi. Natijada nafaqat kayfiyatni ko‘tarish, balki depressiyani ham davolash mumkin bo‘ladi.\r\nBuyuk Britaniya Milliy sog‘liqni saqlash xizmati implant yordamida bemorlarning kayfiyatini o‘zgartirishga qaratilgan innovatsion sinovlar boshlanganini e’lon qildi. Mitti qurilma to‘g‘ridan to‘g‘ri bosh suyagi va miya o‘rtasiga joylashtiriladi, shunda u ultratovush yordamida faollik xaritasini tuzadi va neyronlarga impuls uzatadi.\r\n\r\nAmerikaning Forest Neurotech tashkiloti ishlab chiqqan Forest 1 chipi, miya ichiga kiritiladigan elektrodli invaziv implantlardan farqli o‘laroq, tana bilan ultratovush yordamida aloqa o‘rnatadi. Shu tarzda u bir vaqtning o‘zida bir nechta sohalardagi faollikni o‘qib oladi va o‘zgartiradi. Ushbu xususiyatlar chipni “dunyodagi eng ilg‘or miya-kompyuter interfeysi”ga aylantirdi.\r\n\r\n“Xirurgiyaning yanada xavfsizroq usullarini taklif etish juda qiziq. Epilepsiya singari kasalliklarni aytadigan bo‘lsak, bu turdagi bemorlarning uchdan bir qismi sog‘aymaydi. Aynan shu guruhlar uchun bunday texnologiya taqdirni o‘zgartiruvchi yechim bo‘lishi mumkin”, — dedi loyiha rahbari va neyroxirurg-maslahatchi Aymun Jamjum.\r\n\r\n2025 yil mart oyida boshlanadigan sinovlarda 30 nafar bemor qatnashadi. Ularning barchasida e’tiborga loyiq umumiy xususiyat bor — bosh miya jarohati tufayli bosh chanog‘ining bir qismi olib tashlangan. Shu tufayli chiplarni jarrohlik aralashuvisiz o‘rnatish mumkin. Shundan keyin atigi 2 soat ichida miya faoliyatining uch o‘lchamli xaritalarini yaratish imkoniyati paydo bo‘ladi.\r\n\r\nDastlabki sinov maqsadlaridan biri ham neyronlarni maqsadli ultratovush yordamida mexanik tarzda faollashtirish va shu orqali miya faoliyatini masofadan boshqarishga urinish. Agar bu muvaffaqiyatli kechsa, kelajakda chip ko‘plab bemorlarga nafaqat kayfiyatini o‘zgartirish, balki depressiya, xavotir va epilepsiya kabi kasalliklarni davolashda yordam berishi mumkin.','\r',char(13)),'\n',char(10)),'news/images/utratovush.jpg','2025-03-09 18:23:15','2025-03-09 18:24:50.105425','2025-03-25 02:30:40.681232','PB',11,33);
INSERT INTO news_app_news VALUES(29,'Sirdaryoda uch egizak tug‘ildi','sirdaryoda-uch-egizak-tugildi',replace(replace('Chaqaloqlarga Fotima, Yusuf va Yunus ismi qo‘yildi.\r\nSirdaryo viloyati, Mirzaobod tumanida yashovchi Musurmonqul va Sohiba Abduqahorova uch egizakning ota-onasiga aylandi.\r\n\r\nChaqaloqlarga Fotima, Yusuf va Yunus ismi qo‘yildi. Tug‘ruq jarayoni Respublika ixtisoslashtirilgan ona va bola salomatligi ilmiy-amaliy tibbiyot markazi Sirdaryo filialida shifokorlar nazorati ostida jarrohlik amaliyoti orqali, asoratsiz bajarildi.\r\n\r\n— Egizaklarning kattasi Fotimaning og‘irligi 2710 gramm, o‘rtanchasi Yusuf 3100 gramm, kichigi Yunus esa 2930 gramm vazn bilan tug‘ildi, deydi neonatolog shifokor Amina Abdurasimova. —Hozir egizaklarning umumiy ahvoli qoniqarli. Ona va chaqaloqlar mutaxassislar nazorati ostida.\r\n\r\nOtaning aytishicha, ularning ajdodida qo‘sh farzandlar tug‘ilishi ko‘p kuzatilgan, ammo uch egizakning dunyoga kelishi birinchi marta uchramoqda. Bungacha ularning besh yoshli qizi, to‘rt yoshli o‘g‘il farzandi bor edi.\r\n\r\nTuman FHDYo bo‘limi tomonidan chaqaloqlarga guvohnoma, Markaz shifokorlari tomonidan esa sovg‘alar topshirildi.','\r',char(13)),'\n',char(10)),'news/images/uchegiz.jpg','2025-03-09 18:26:48','2025-03-09 18:27:48.451897','2025-03-24 18:38:01.310860','PB',9,21);
CREATE TABLE IF NOT EXISTS "users_comment" ("id" integer NOT NULL PRIMARY KEY AUTOINCREMENT, "content" text NOT NULL, "cretaed_at" datetime NOT NULL, "updated_at" datetime NOT NULL, "post_id" bigint NOT NULL REFERENCES "news_app_news" ("id") DEFERRABLE INITIALLY DEFERRED, "user_id" integer NOT NULL REFERENCES "auth_user" ("id") DEFERRABLE INITIALLY DEFERRED);
INSERT INTO users_comment VALUES(2,'Aql bovar qilmaydi','2025-03-23 11:51:47.846362','2025-03-23 11:51:47.846484',28,9);
INSERT INTO users_comment VALUES(3,'NIMA GAPLA','2025-03-23 11:55:58.471977','2025-03-23 11:55:58.472016',28,9);
INSERT INTO users_comment VALUES(4,'Mark Chalish','2025-03-23 11:57:57.348443','2025-03-23 11:57:57.348464',10,3);
INSERT INTO users_comment VALUES(6,'Yogeee','2025-03-23 12:20:21.940975','2025-03-23 12:20:21.941002',27,3);
INSERT INTO users_comment VALUES(7,'nima gapla sihla yaxshimi','2025-03-23 13:09:48.734180','2025-03-23 13:09:48.734209',27,3);
INSERT INTO users_comment VALUES(8,'nlkjajasdsdlhfsad','2025-03-23 13:13:23.457453','2025-03-23 13:13:23.457488',21,3);
INSERT INTO users_comment VALUES(9,'Lanati isroil','2025-03-23 13:21:09.246970','2025-03-23 13:21:09.246993',16,3);
INSERT INTO users_comment VALUES(10,'Chto tam','2025-03-23 18:08:32.252498','2025-03-23 18:08:32.252580',14,3);
INSERT INTO users_comment VALUES(11,'nim gapla','2025-03-23 18:13:51.067741','2025-03-23 18:13:51.067782',25,3);
INSERT INTO users_comment VALUES(15,'sgfdfgdfg','2025-03-23 19:28:41.884317','2025-03-23 19:28:41.884395',5,3);
INSERT INTO users_comment VALUES(18,'iuewhdsjkaf','2025-03-24 10:59:14.955645','2025-03-24 10:59:14.955669',15,3);
INSERT INTO users_comment VALUES(19,'skdlfjgldskfjg','2025-03-24 11:00:40.726649','2025-03-24 11:00:40.726672',15,3);
INSERT INTO users_comment VALUES(20,'ak.sdjfslgj;lwerj;lerwkjt lkjs ldfkgl ds;fjg dslkfjgl;dfjgd;lkf','2025-03-24 11:00:52.315861','2025-03-24 11:00:52.315881',15,3);
INSERT INTO users_comment VALUES(21,'sdfgjksl;dkfjg sdlkfjg sl;dkfgjl;dsfgj dfljgl dfgdsfgjldfjg eruiepwo','2025-03-24 11:01:02.196065','2025-03-24 11:01:02.196135',15,3);
INSERT INTO users_comment VALUES(22,'Allohga shukur uddaladim','2025-03-24 11:01:38.302561','2025-03-24 11:01:59.148014',20,3);
INSERT INTO users_comment VALUES(23,'Mark ablah','2025-03-25 01:53:13.338219','2025-03-25 01:53:13.338264',10,9);
INSERT INTO users_comment VALUES(24,'Sarg''aymay olgir','2025-03-25 01:54:22.303497','2025-03-25 01:54:22.303625',10,9);
INSERT INTO users_comment VALUES(25,'nima gap','2025-03-25 01:55:11.232626','2025-03-25 01:55:11.232749',10,9);
INSERT INTO users_comment VALUES(26,'nima gapl shshshshsh','2025-03-25 02:02:08.493078','2025-03-25 02:02:08.493130',12,9);
CREATE TABLE IF NOT EXISTS "users_like" ("id" integer NOT NULL PRIMARY KEY AUTOINCREMENT, "created_at" datetime NOT NULL, "news_id" bigint NOT NULL REFERENCES "news_app_news" ("id") DEFERRABLE INITIALLY DEFERRED, "user_id" integer NOT NULL REFERENCES "auth_user" ("id") DEFERRABLE INITIALLY DEFERRED);
DELETE FROM sqlite_sequence;
INSERT INTO sqlite_sequence VALUES('django_migrations',25);
INSERT INTO sqlite_sequence VALUES('django_admin_log',64);
INSERT INTO sqlite_sequence VALUES('django_content_type',11);
INSERT INTO sqlite_sequence VALUES('auth_permission',44);
INSERT INTO sqlite_sequence VALUES('auth_group',0);
INSERT INTO sqlite_sequence VALUES('auth_user',10);
INSERT INTO sqlite_sequence VALUES('news_app_category',13);
INSERT INTO sqlite_sequence VALUES('news_app_contactmodel',12);
INSERT INTO sqlite_sequence VALUES('news_app_news',29);
INSERT INTO sqlite_sequence VALUES('users_comment',26);
CREATE UNIQUE INDEX "auth_group_permissions_group_id_permission_id_0cd325b0_uniq" ON "auth_group_permissions" ("group_id", "permission_id");
CREATE INDEX "auth_group_permissions_group_id_b120cbf9" ON "auth_group_permissions" ("group_id");
CREATE INDEX "auth_group_permissions_permission_id_84c5c92e" ON "auth_group_permissions" ("permission_id");
CREATE UNIQUE INDEX "auth_user_groups_user_id_group_id_94350c0c_uniq" ON "auth_user_groups" ("user_id", "group_id");
CREATE INDEX "auth_user_groups_user_id_6a12ed8b" ON "auth_user_groups" ("user_id");
CREATE INDEX "auth_user_groups_group_id_97559544" ON "auth_user_groups" ("group_id");
CREATE UNIQUE INDEX "auth_user_user_permissions_user_id_permission_id_14a6b632_uniq" ON "auth_user_user_permissions" ("user_id", "permission_id");
CREATE INDEX "auth_user_user_permissions_user_id_a95ead1b" ON "auth_user_user_permissions" ("user_id");
CREATE INDEX "auth_user_user_permissions_permission_id_1fbb5f2c" ON "auth_user_user_permissions" ("permission_id");
CREATE INDEX "django_admin_log_content_type_id_c4bce8eb" ON "django_admin_log" ("content_type_id");
CREATE INDEX "django_admin_log_user_id_c564eba6" ON "django_admin_log" ("user_id");
CREATE UNIQUE INDEX "django_content_type_app_label_model_76bd3d3b_uniq" ON "django_content_type" ("app_label", "model");
CREATE UNIQUE INDEX "auth_permission_content_type_id_codename_01ab375a_uniq" ON "auth_permission" ("content_type_id", "codename");
CREATE INDEX "auth_permission_content_type_id_2f476e4b" ON "auth_permission" ("content_type_id");
CREATE INDEX "django_session_expire_date_a5c62663" ON "django_session" ("expire_date");
CREATE INDEX "news_app_news_category_id_d7497294" ON "news_app_news" ("category_id");
CREATE INDEX "users_comment_post_id_fb15d6ef" ON "users_comment" ("post_id");
CREATE INDEX "users_comment_user_id_2af09c44" ON "users_comment" ("user_id");
CREATE UNIQUE INDEX "users_like_news_id_user_id_089ccc64_uniq" ON "users_like" ("news_id", "user_id");
CREATE INDEX "users_like_news_id_da61dcff" ON "users_like" ("news_id");
CREATE INDEX "users_like_user_id_f08494bc" ON "users_like" ("user_id");
COMMIT;
